<?xml version="1.0" encoding="UTF-8"?>
<project-private xmlns="http://www.netbeans.org/ns/project-private/1">
    <editor-bookmarks xmlns="http://www.netbeans.org/ns/editor-bookmarks/2" lastBookmarkId="0"/>
    <open-files xmlns="http://www.netbeans.org/ns/projectui-open-files/2">
        <group>
            <file>file:/C:/Users/kgv17/Documents/NetBeansProjects/ProgramaMultiplataforma/src/programamultiplataforma/FileConcatenator.java</file>
            <file>file:/C:/Users/kgv17/Documents/NetBeansProjects/ProgramaMultiplataforma/src/programamultiplataforma/Controller.java</file>
            <file>file:/C:/Users/kgv17/Documents/NetBeansProjects/ProgramaMultiplataforma/src/programamultiplataforma/ProgramaMultiplataforma.java</file>
            <file>file:/C:/Users/kgv17/Documents/NetBeansProjects/ProgramaMultiplataforma/src/vistas/PowerRename.java</file>
            <file>file:/C:/Users/kgv17/Documents/NetBeansProjects/ProgramaMultiplataforma/src/programamultiplataforma/OpcionPersonalizada.java</file>
            <file>file:/C:/Users/kgv17/Documents/NetBeansProjects/ProgramaMultiplataforma/src/programamultiplataforma/FileCounter.java</file>
            <file>file:/C:/Users/kgv17/Documents/NetBeansProjects/ProgramaMultiplataforma/src/programamultiplataforma/DirectoryCleaner.java</file>
            <file>file:/C:/Users/kgv17/Documents/NetBeansProjects/ProgramaMultiplataforma/src/programamultiplataforma/FileRenamer2.java</file>
            <file>file:/C:/Users/kgv17/Documents/NetBeansProjects/ProgramaMultiplataforma/src/programamultiplataforma/FileRenamer.java</file>
        </group>
    </open-files>
</project-private>
